Naslov,Mesto,Doplacilo,Posta,Cena,Ime_lokala
Trubarjeva cesta 40,LJUBLJANA,"4,24",1478,"6,93",ABI FALAFEL
Topniška 29a,LJUBLJANA,"2,64",1772,"5,33",AMBIENT
Leskoškova 9e,LJUBLJANA,"3,31",1865,"6,00",ANTARO
Ribji trg 2,LJUBLJANA,"4,31",2247,"7,00","AROMA, RESTAVRACIJA IN PIZZERIJA"
Kardeljeva ploščad 5,LJUBLJANA,"0,00",2924,"2,69",AULA COFE
Kongresni trg 3,LJUBLJANA,"3,61",2147,"6,30",AZIJSKA RESTAVRACIJA HAN
Gosposvetska cesta 4,LJUBLJANA,"3,44",2748,"6,13",AZIJSKA RESTAVRACIJA TLOFT
Tržaška cesta 200,LJUBLJANA,"4,30",2932,"6,99",B2 - DOSTAVA
Tržaška cesta 200,LJUBLJANA,"4,30",2886,"6,99",BABICA
Šmartinska 152g,LJUBLJANA,"4,31",3000,"7,00",BALKAN EKSPRESS-DOSTAVA
Šmartinska 152 g,LJUBLJANA,"3,81",2488,"6,50",BALKAN EXPRESS
Baragova 16,LJUBLJANA,"1,44",1817,"4,13",BAR ENKA
Dunajska cesta 106,LJUBLJANA,"3,70",2133,"6,39",BARBADO
Kardeljeva ploščad 17,LJUBLJANA,"0,00",2926,"2,69",BIGDIL COFE
Večna pot 111,LJUBLJANA,"2,91",2023,"5,60","BIOTEHNIŠKA FAKULTETA, MENZA BF"
Ižanska cesta 10,LJUBLJANA,"2,61",2102,"5,30",BIOTEHNIŠKI IZOBRAŽEVALNI CENTER LJUBLJANA
Cesta v Mestni log 47,LJUBLJANA,"2,61",2103,"5,30",BIOTEHNIŠKI IZOBRAŽEVALNI CENTER LJUBLJANA
Dunajska 101,LJUBLJANA,"3,31",2931,"6,00",BISTRO SUWON
Kardeljeva ploščad 5,LJUBLJANA,"3,94",1465,"6,63",BISTRO ŠUMI
Cankarjeva ulica 58,MURSKA SOBOTA,"3,31",2699,"6,00",BISTRO TANJA- DOSTAVA
Vojkovo nabrežje 12,KOPER/CAPODISTRIA,"3,10",2821,"5,79",BISTRO VILLA DOMUS
Kidričeva ulica 23,ROGAŠKA SLATINA,"3,94",1645,"6,63",BOHOR
Špelina ulica 17a,MARIBOR,"2,81",2471,"5,50",BOWLING CENTER STRIKE
Razlagova 9,MARIBOR,"1,44",2872,"4,13",BRUC BAR
Ulica Pariške komune 37,MARIBOR,"3,51",1161,"6,20",CANTANTE CAFE TABOR
Ulica Pariške komune 37,MARIBOR,"4,01",1673,"6,70",CANTANTE CAFE TABOR - DOSTAVA
Knafljev prehod 2,LJUBLJANA,"4,31",2707,"7,00",CANTINA MEXICANA KNAFELJ
Jurčkova cesta 223,LJUBLJANA,"4,14",2708,"6,83",CANTINA MEXICANA RUDNIK
Ankaranska 7,KOPER/CAPODISTRIA,"3,84",2243,"6,53",CITYBURGER
Knafljev prehod 1,LJUBLJANA,"1,31",2709,"4,00",CUTTY FOOD CORNER
Gramšijev trg 8,KOPER/CAPODISTRIA,"3,81",2195,"6,50",ČEVABDŽINICA SARAJEVO 84
Tomažičev trg 1,KOPER/CAPODISTRIA,"3,81",2686,"6,50",ČEVABDŽINICA SARAJEVO 84
Šubičeva 1a,LJUBLJANA,"4,31",1485,"7,00","DA BU DA, AZIJSKA RESTAVRACIJA"
Borštnikov trg 3,LJUBLJANA,"3,44",2951,"6,13",DAS IST WALTER LJUBLJANA CENTER
Eipprova 11,LJUBLJANA,"4,31",2930,"7,00",DEŽELA OKUSOV
Gortanova 21,LJUBLJANA,"1,74",2523,"4,43",DIFOOD-EAT GOOD
Poljanska cesta 26,LJUBLJANA,"2,44",1500,"5,13",DIJAŠKI DOM IVANA CANKARJA
Titova cesta 24a,MARIBOR,"2,01",1090,"4,70",DIJAŠKI DOM LIZIKE JANČAR
Gosposvetska cesta 89,MARIBOR,"2,94",1091,"5,63",DIJAŠKI DOM MARIBOR
Potočnikova ulica 3,LJUBLJANA,"2,14",1502,"4,83",DIJAŠKI DOM POLJANE
Sončna pot 20,PORTOROŽ/PORTOROSE,"2,84",2817,"5,53",DIJAŠKI DOM PORTOROŽ
Vidovdanska 7,LJUBLJANA,"2,40",2111,"5,09",DIJAŠKI DOM TABOR
Gerbičeva 51/a,LJUBLJANA,"2,34",1314,"5,03",DIJAŠKI DOM VIČ
Cankarjeva 5,KOPER/CAPODISTRIA,"2,34",1013,"5,03",DIJAŠKI IN ŠTUDENTSKI DOM KOPER
Šegova ulica 115,NOVO MESTO,"2,44",1501,"5,13",DIJAŠKI IN ŠTUDENTSKI DOM NOVO MESTO
Celovška cesta 69 a,LJUBLJANA,"3,54",1578,"6,23",DOBROTE VZHODA
Dunajska cesta 113,LJUBLJANA,"0,64",2829,"3,33",DOMAČA PEKARNA
Strossmayerjeva 13,MARIBOR,"0,44",1668,"3,13",EAT SMART
Smetanova 17,MARIBOR,"2,64",2234,"5,33",EAT SMART FERI
Cesta maršala Tita 27,JESENICE,"4,31",1432,"7,00",EJGA - RESTAVRACIJA - KAVARNA - PUB - CATERING
Slovenska cesta 10,LJUBLJANA,"4,24",2830,"6,93",EKSPERIMENT RESTAVRACIJA &amp; BAR
Poljanska cesta 22,LJUBLJANA,"2,74",2723,"5,43",FAJN FUUD
Poljanska cesta 22,LJUBLJANA,"0,00",2724,"2,69",FAJN FUUD PIZZA
Tržaška cesta 25,LJUBLJANA,"2,91",2521,"5,60","FAKULTETA ZA ELEKTROTEHNIKO, MENZA FE"
Slovenska 51,LJUBLJANA,"0,00",2997,"2,69",FALAFEL HIŠA
Slovenska 51,LJUBLJANA,"3,64",2996,"6,33",FALAFEL HIŠA-DOSTAVA
Miklošičeva 34,LJUBLJANA,"2,91",2589,"5,60",FARI&#39;S DELICE
Slovenska cesta 51,LJUBLJANA,"1,44",2098,"4,13",FAST FOOD FRESCO IN SLAST
Pristaniška ulica2,KOPER/CAPODISTRIA,"1,94",2643,"4,63",FAST FOOD MAGIC
Trg OF 13,LJUBLJANA,"2,04",2549,"4,73",FASTFOOD AJDA
Petkovškovo nabrežje 25,LJUBLJANA,"4,31",2849,"7,00",FORUM
Vetrinjska ulica 9,MARIBOR,"0,00",2702,"2,69",FRESH 4 LIFE VETRINJSKA
Šolska cesta 2,ŠKOFJA LOKA,"2,64",2591,"5,33",GARAČ - RESTAVRACIJA &quot;M&quot;
Gosposvetska cesta 83,MARIBOR,"0,44",2650,"3,13",GOSPOSVETSKA
Šmihel 14,NOVO MESTO,"3,64",2949,"6,33",GOSTILNA BUČAR
Cesta zmage 34,ZAGORJE OB SAVI,"3,31",2947,"6,00",GOSTILNA ČUK
Njegoševa 6 K,LJUBLJANA,"4,31",2161,"7,00",GOSTILNA IN PICERIJA PAVON
Jurčkova cesta 7,LJUBLJANA,"3,31",2982,"6,00",GOSTILNA IN PIZZERIA JURČEK
Dolenjska cesta 103,LJUBLJANA,"3,51",2594,"6,20",GOSTILNA JAKA
Jurčkova cesta 99,LJUBLJANA,"2,44",2943,"5,13",GOSTILNA JERINČEK
Trg Svobode 4,RAVNE NA KOROŠKEM,"3,31",1988,"6,00",GOSTILNA LEČNIK
Ormoška cesta 18,PTUJ,"2,34",2547,"5,03",GOSTILNA LUŽNIK 
Oplotniška cesta 5,SLOVENSKE KONJICE,"0,94",2543,"3,63",GOSTILNA POD ŠKALCAMI
Oplotniška cesta 5,SLOVENSKE KONJICE,"0,94",2346,"3,63",GOSTILNA POD ŠKALCAMI - DOSTAVA
Brezina 19/b,BREŽICE,"2,91",1860,"5,60",GOSTILNA RACMAN
Goliev trg 8,TREBNJE,"3,44",1375,"6,13",GOSTILNA ŠELIGO
Vodnikov trg 4,MARIBOR,"2,34",1123,"5,03",GOSTILNA ZLATI LEV
Vodnikov trg 4,MARIBOR,"2,74",1124,"5,43",GOSTILNA ZLATI LEV - DOSTAVA
Osojnikova 20a,MARIBOR,"4,24",2513,"6,93",GOSTILNICA &amp; PICERIJA POBREŠKI HRAM
"Rožna dolina, Cesta I. 26A",LJUBLJANA,"3,94",2834,"6,63",GOSTILNICA IN PIVNICA KATRCA
Jurčkova 225,LJUBLJANA,"3,94",1834,"6,63",GOSTILNICA IN PIZZERIJA KRATOCHWILL
Šmartinska 152,LJUBLJANA,"3,94",1835,"6,63",GOSTILNICA IN PIZZERIJA KRATOCHWILL
Slivniška cesta 6,HOČE,"2,44",2968,"5,13",GOSTINSKE STORITVE MICHEL TOŠ S.P.
Slivniška cesta 6,HOČE,"2,94",2969,"5,63",GOSTINSKE STORITVE MICHEL TOŠ S.P. - DOSTAVA
Prešernova cesta 1,ZAGORJE OB SAVI,"3,11",1849,"5,80",GOSTIŠČE KUM
Glavni trg 30,NOVO MESTO,"2,71",1847,"5,40",GOSTIŠČE NA TRGU - HIŠA KULINARIKE
Zagrebška cesta 92,MARIBOR,"2,14",1188,"4,83",GURMANSKI HRAM
Zagrebška cesta 92,MARIBOR,"2,14",1189,"4,83",GURMANSKI HRAM - DOSTAVA
Njegoševa 6K,LJUBLJANA,"4,31",2525,"7,00",HALO KATRA
Pod ježami 14,LJUBLJANA,"3,24",2778,"5,93",HALO PINKI
Tržaška 116,LJUBLJANA,"4,24",1804,"6,93",HALO RDEČE JABOLKO - DOSTAVA
Cesta Ljubljanske brigade 33,LJUBLJANA,"2,30",2977,"4,99",HIPERMARKET LJUBLJANA ŠIŠKA
Streliška ulica 10,LJUBLJANA,"4,31",2668,"7,00",HIŠA POD GRADOM
Čopova 4,LJUBLJANA,"2,51",2430,"5,20",HIT WOK
Cesta v mestni log 55,LJUBLJANA,"2,94",2841,"5,63",HONG XIANG 
Cesta v mestni log 55,LJUBLJANA,"3,94",2842,"6,63",HONG XIANG - DOSTAVA
Dilančeva 1,NOVO MESTO,"3,34",1351,"6,03",HOSTEL SITULA
Šmartinska cesta 152,LJUBLJANA,"3,94",2358,"6,63",HOT HORSE - BTC
Celovška cesta 25,LJUBLJANA,"3,94",2359,"6,63",HOT HORSE - TIVOLI
Mariborska cesta 3,CELJE,"3,44",2624,"6,13",HOTEL CELEIA
Goliev trg 13,TREBNJE,"3,44",2487,"6,13",HOTEL OPARA
Rudarska cesta 1,VELENJE,"3,81",1627,"6,50",HOTEL PAKA
Glavni trg 43,SLOVENJ GRADEC,"1,81",1145,"4,50",HOTEL SLOVENJ GRADEC
Kardeljeva ploščad 17,LJUBLJANA,"3,11",2846,"5,80",HOTSPOT BAR&amp;BISTRO
Nazorjeva 6,LJUBLJANA,"3,11",2847,"5,80",HOTSPOT CENTER BAR&amp;BISTRO
Cankarjeva cesta 6,LJUBLJANA,"4,31",1386,"7,00",JOE PENA&#39;S CANTINA Y BAR
Aškrčeva 2,LJUBLJANA,"0,00",2533,"2,69",K16
Pivovarniška ulica 6,LJUBLJANA,"3,44",2711,"6,13",KAMPUS PIZZA
Gosposvetska cesta 15,MARIBOR,"0,44",1639,"3,13",KANAPE
Kardeljeva ploščad ,LJUBLJANA,"2,64",2581,"5,33",KAPITAL
Drulovka 40,KRANJ,"2,34",2638,"5,03",KARANTANIJA
Borštnikov trg 2,LJUBLJANA,"0,00",2832,"2,69",KAVARNA BORŠTNIK
Delpinova 16,NOVA GORICA,"3,81",1999,"6,50",KAVARNA IN RESTAVRACIJA PECIVO
Smetanova ulica 17,MARIBOR,"0,44",2347,"3,13",KAVARNA IN SENDVIČARNA FERI
Gregorčičeva 2,KRANJ,"2,21",2330,"4,90",KAVARNA IN SLAŠČIČARNA CARNIOLA
Oprešnikova 28,KRANJ,"2,21",2329,"4,90",KAVARNA IN SLAŠČIČARNA RENDEZ - VOUS
Turjaška 1,LJUBLJANA,"2,74",2396,"5,43",KAVARNA NUK
Koroška cesta 59,MARIBOR,"1,31",1190,"4,00",KAVARNA STIL BURGER
Zdravstevna  pot 5,LJUBLJANA,"1,84",2839,"4,53",KAVARNA STRIT
Focheva ulica 41,MARIBOR,"3,84",2775,"6,53",KITAJSKA PALAČA - DOSTAVA
Ptujska cesta 131 ,MARIBOR,"3,44",2703,"6,13",KITAJSKA RESTAVRACIJA AZIJA
Gosposvetska ulica 1,KRANJ,"3,14",2644,"5,83",KITAJSKA RESTAVRACIJA AZIJA
Masarykova 17,LJUBLJANA,"3,44",2256,"6,13",KITAJSKA RESTAVRACIJA BELI LABOD
Ankaranska cesta 5B,KOPER/CAPODISTRIA,"3,44",2264,"6,13",KITAJSKA RESTAVRACIJA CESARSKA HIŠA
Kersnikova 31,CELJE,"2,91",2635,"5,60",KITAJSKA RESTAVRACIJA DVA ZMAJA
Šmartinska 152g,LJUBLJANA,"3,61",2950,"6,30",KITAJSKA RESTAVRACIJA HAN
Mačkovec 6,NOVO MESTO,"2,94",1415,"5,63",KITAJSKA RESTAVRACIJA NANKING
Kapitelska 5,LJUBLJANA,"3,24",1346,"5,93",KITAJSKA RESTAVRACIJA NOVI ŠANGHAI
Delavska ulica 11,JESENICE,"3,21",2446,"5,90",KITAJSKA RESTAVRACIJA ŠANG HAI
Ulica Pohorskega bataljona 14,MARIBOR,"2,64",2761,"5,33",KITAJSKA RESTAVRACIJA ZLATA SRNA
Ulica Pohorskega bataljona 14,MARIBOR,"3,44",2762,"6,13",KITAJSKA RESTAVRACIJA ZLATA SRNA - DOSTAVA
Loška ulica 10,MARIBOR,"2,40",1165,"5,09",KITAJSKA RESTAVRACIJA ZVEZDA
Ankaranska cesta 5B,KOPER/CAPODISTRIA,"4,24",2265,"6,93",KITAJSKA RESTAVRACJA CESARSKA HIŠA-DOSTAVA
Dunajska cesta 29,LJUBLJANA,"3,44",1610,"6,13",KITAJSKI DVOR
Teharska cesta 35,CELJE,"3,24",1911,"5,93",KITAJSKI DVOR
Dunajska cesta 29,LJUBLJANA,"3,94",2117,"6,63",KITAJSKI DVOR - DOSTAVA
Teharska cesta 35,CELJE,"3,24",1164,"5,93",KITAJSKI DVOR - DOSTAVA
Slamnikarjeva 1,DOMŽALE,"2,81",1838,"5,50",KITAJSKO MESTO
Slamnikarjeva 1,DOMŽALE,"3,81",2772,"6,50",KITAJSKO MESTO - DOSTAVA
Litostrojska cesta 57,LJUBLJANA,"2,71",1422,"5,40",KLOPČIČ
Litostrojska cesta 55,LJUBLJANA,"2,71",1421,"5,40",KLOPČIČ - DOM LITOSTROJ
Nemčavci 1d,MURSKA SOBOTA,"3,31",1110,"6,00",KRATOCHWILL
Tbilisijska 59,LJUBLJANA,"3,21",1429,"5,90",KURJI TAT
Ulica Staneta Žagarja 2b,RADOVLJICA,"3,31",2601,"6,00",LA CANTINA
Čevljarska 9,KOPER/CAPODISTRIA,"3,04",2203,"5,73",LABIRINT
Kvedrova cesta 5a,LJUBLJANA,"2,94",2844,"5,63",LETEČA ZVEZDA
Borštnikov trg 3a,LJUBLJANA,"0,00",2726,"2,69",LIPCA - INDEKS
Zaloška cesta 42,LJUBLJANA,"2,21",2994,"4,90",LJUDSKA KUHINJA
Stossmayerjeva ulica 26,MARIBOR,"3,34",2640,"6,03",LONDON STREET FOOD
Gosposvetska cesta 43a,MARIBOR,"3,24",2331,"5,93",LOVING HUT 
Trg OF 14,LJUBLJANA,"3,44",2401,"6,13",LOVING HUT LJUBJANA CENTER
Gosposvetska cesta 19,MARIBOR,"0,44",2642,"3,13",LUNCH BOX
Mariborska 100,CELJE,"3,31",1628,"6,00",MAESTRO (CITY CENTER CELJE)
Vodnikova 35,LJUBLJANA,"4,31",2152,"7,00",MAHARAJA INDIJSKA RESTAVRACIJA
Trg republike 1,LJUBLJANA,"2,30",2975,"4,99",MAXI LJUBLJANA
Ulica Vita Kraigherja 5,MARIBOR,"0,44",2875,"3,13",MC PANDA
Žička cesta 4a,SLOVENSKE KONJICE,"0,94",1910,"3,63",MC PATRIOT
Tržaška 6,MARIBOR,"2,01",1182,"4,70",MCDONALD&#180;S RESTAVRACIJA - SWATY
Pobreška 18,MARIBOR,"2,01",1185,"4,70",MCDONALD&#180;S RESTAVRACIJA EUROPARK
Ptujska 106,MARIBOR,"2,01",1184,"4,70",MCDONALD&#180;S RESTAVRACIJA PTUJSKA
Kidričeva 2b,VELENJE,"2,01",1179,"4,70",MCDONALD&#180;S RESTAVRACIJA VELENJE
Breznikova 15,DOMŽALE,"2,01",1342,"4,70",MCDONALD&#39;S MCDRIVE DOMŽALE
Mariborska cesta 164,CELJE,"2,01",2868,"4,70",MCDONALD&#39;S RESTAVRACIJA - CELJE DRIVE
Celovška cesta 170,LJUBLJANA,"2,01",1341,"4,70",MCDONALD&#39;S RESTAVRACIJA - CELOVŠKA
Cesta Boštjana Hladnika 7,KRANJ,"2,01",2866,"4,70",MCDONALD&#39;S RESTAVRACIJA - KRANJ DRIVE
Ankaranska 4,KOPER/CAPODISTRIA,"2,01",2253,"4,70",MCDONALD&#39;S RESTAVRACIJA KOPER
Vojkova cesta 111,NOVA GORICA,"2,01",2815,"4,70",MCDONALD&#39;S RESTAVRACIJA NOVA GORICA
Jezdarska ulica 8b,MARIBOR,"0,44",2648,"3,13",ME GUSTA
Mlinska ulica 2,MARIBOR,"3,34",2958,"6,03",MEATING PUB &amp; RESTAVRACIJA
Ciril Metodov trg 16,LJUBLJANA,"4,31",2597,"7,00",MEDITERRANEO
Ulica Jake Platiše 17,KRANJ,"2,74",2478,"5,43",MEHIŠKA RESTAVRACIJA CANTINA MARIA
Šmartinska 152g,LJUBLJANA,"4,31",1718,"7,00",MEHIŠKA RESTAVRACIJA IMPERIO - DOSTAVA
Šmartinska 152g,LJUBLJANA,"3,81",1407,"6,50",MEHIŠKA RESTAVRACIJA IMPERIO MEXICANO
Aškerčeva cesta 6,LJUBLJANA,"2,91",2826,"5,60",MENZA FS
Rimska cesta 25a,LJUBLJANA,"3,94",2995,"6,63",META &amp; BAZILIKA
Maistrov trg 13,KRANJ,"2,21",1214,"4,90",MLEČNA RESTAVRACIJA
Maistrov trg 13,KRANJ,"3,21",2542,"5,90",MLEČNA RESTAVRACIJA - DOSTAVA
Pistaniška ulica 2,KOPER/CAPODISTRIA,"3,81",2691,"6,50",MORNARČEK RIBJA KANTINA - RESTAVRACIJA
Trubarjeva ulica 31,LJUBLJANA,"3,24",2828,"5,93",NAMASTE INDIAN EXPRESS
Obala 4F,PORTOROŽ/PORTOROSE,"3,44",2249,"6,13",NEWS CAFE
Čopova 12,LJUBLJANA,"2,51",2725,"5,20",NO. 12 - GRIL &amp; KEBAB
Tyrševa 3,MARIBOR,"3,54",2765,"6,23",NOOMM
Cankarjeva ulica 58,MURSKA SOBOTA,"2,31",1232,"5,00",OKREPČEVALNICA - BISTRO TANJA
Linhartova 11,LJUBLJANA,"3,24",2732,"5,93",OKREPČEVALNICA - DINER KINO GLEDALIŠČE BEŽIGRAD
Dunajska cesta 111,LJUBLJANA,"3,21",1683,"5,90",OKREPČEVALNICA - PIZZERIJA MAKS
Trubarjeva cesta 36,LJUBLJANA,"2,54",2391,"5,23",OKREPČEVALNICA &quot;RIVIERA&quot;
Ajdovščina 4,LJUBLJANA,"2,84",2944,"5,53",OKREPČEVALNICA AJDA
Nove Fužine 43,LJUBLJANA,"2,94",3005,"5,63",OKREPČEVALNICA AZZURRO
Nove Fužine 43,LJUBLJANA,"2,94",1778,"5,63",OKREPČEVALNICA AZZURRO
Kardeljeva ploščad 5,LJUBLJANA,"1,20",1615,"3,89",OKREPČEVALNICA BADOVINAC
Partizanska 50,MARIBOR,"1,94",1224,"4,63",OKREPČEVALNICA BOBER (PARTIZANSKA)
Poljanska cesta 7,LJUBLJANA,"1,14",2935,"3,83",OKREPČEVALNICA BUREK
Prešernova 17,MARIBOR,"2,81",2652,"5,50",OKREPČEVALNICA IZUM
Hajdrihova 19,LJUBLJANA,"3,11",1541,"5,80",OKREPČEVALNICA KEMIJSKI INŠTITUT
Pivola 10,HOČE,"1,94",3001,"4,63",OKREPČEVALNICA MERANOVO
Celjska cesta 48 b,SLOVENJ GRADEC,"2,31",1234,"5,00",OKREPČEVALNICA MINUTKA
Koroška cesta 9,MARIBOR,"1,94",2360,"4,63",OKREPČEVALNICA MM PANDA
Ulica Vita Kraigherja 5,MARIBOR,"2,44",3003,"5,13",OKREPČEVALNICA NOODLE BOX
Koštialova 1,NOVO MESTO,"3,31",2432,"6,00",OKREPČEVALNICA NOVAK
Kotnikova 5,LJUBLJANA,"1,34",2729,"4,03",OKREPČEVALNICA PEKARNA DOBROT
Koroška cesta 5,MARIBOR,"2,74",1237,"5,43",OKREPČEVALNICA PIVNICA ALF
Koroška cesta 5,MARIBOR,"3,24",1238,"5,93",OKREPČEVALNICA PIVNICA ALF - DOSTAVA
Adamič Lundrovo nabrežje 1,LJUBLJANA,"3,31",2311,"6,00",OKREPČEVALNICA RIBCA
Gosposvetska cesta 43c,MARIBOR,"3,11",2049,"5,80",OKREPČEVALNICA SARAJEVO
Glavni trg 5,MARIBOR,"2,74",2569,"5,43",OKREPČEVALNICA STARI GRIL
Usnjarska ulica 5,MARIBOR,"3,23",2776,"5,92",OKREPČEVALNICA ŠIŠ
Kardeljeva ploščad 5,LJUBLJANA,"0,00",2302,"2,69",OKREPČEVALNICA ŠUMI
Trg OF 10,LJUBLJANA,"1,14",2757,"3,83",OKREPČEVALNICA TIMEOUT
Partizanska cesta 50,MARIBOR,"0,94",1925,"3,63",OKREPČEVALNICA TIP TOP
Spuhlja 32,PTUJ,"2,61",2334,"5,30",OKREPČEVALNICA VILLA MONDE
Ulica Eve Lovše 1,MARIBOR,"3,11",2480,"5,80",OŠTARIJA PIZZERIA DA NOI
Ulica Eve Lovše 1,MARIBOR,"4,31",2705,"7,00",OŠTARIJA PIZZERIA DA NOI - DOSTAVA
Šmartinska cesta 152,LJUBLJANA,"3,31",2271,"6,00",OŠTARIJA PRI OLJKI
Kandijska cesta 35,NOVO MESTO,"2,31",1471,"5,00",OŠTARIJA RUDOLFSWERTH
Gosposka ulica 6,MARIBOR,"2,94",2863,"5,63",PAPAGAYO
Ljubljanska cesta 21,CELJE,"2,48",2623,"5,17",PE DIJAŠKI DOM CELJE
Tobačna ulica 5,LJUBLJANA,"2,21",1424,"4,90",PE MARJETICA
Glavni trg 25,SLOVENJ GRADEC,"0,00",1983,"2,69",PEK MATJAŽ GLAVNI TRG
Tomšičeva cesta 15,VELENJE,"0,00",1984,"2,69",PEK MATJAŽ TOMŠIČEVA
Jurčkova cesta 223,LJUBLJANA,"3,51",1366,"6,20",PIAZZA DEL PAPA
Cesta v Mestni log 55,LJUBLJANA,"3,64",2248,"6,33",PICERIJA BARJAN
Celjska cesta 7,ŽALEC,"3,21",2507,"5,90",PICERIJA BONITAS 
Pod Trško goro 83,NOVO MESTO,"3,11",2551,"5,80",PICERIJA ERA
Otoška cesta 5,NOVO MESTO,"3,11",2927,"5,80",PICERIJA LAVANDA
Meljska cesta 39,MARIBOR,"2,81",2970,"5,50",PICERIJA RESTAVRACIJA MORICCU
UlicaIvana Roba 56,NOVO MESTO,"3,44",2754,"6,13",PICERIJA ŠTANGELJ
Opekarniška cesta 9,CELJE,"2,94",2504,"5,63",PICERIJA VERONA 
Opekarniška cesta 9,CELJE,"3,94",2505,"6,63",PICERIJA VERONA - DOSTAVA
Celovška cesta 249,LJUBLJANA,"4,31",1794,"7,00",PICESTAVRACIJA BOCCACCIO
Perkova 17,DOMŽALE,"3,71",1798,"6,40",PIVNICA ADAM RAVBAR
Kolodvorska ulica 14,LJUBLJANA,"3,94",2185,"6,63",PIVOVARNA IN PIVNICA KRATOCHWILL
Ljubljanska cesta 5,BLED,"4,31",2308,"7,00",PIZZERIA BRIKSEN
Rozmanova ulica 25,NOVO MESTO,"3,31",2736,"6,00",PIZZERIA CHIANTI
Ulica Eve Lovše 1,MARIBOR,"0,54",2479,"3,23",PIZZERIA DA NOI FAST FOOD
Gregorčičeva ulica 3,LJUBLJANA,"4,24",1441,"6,93",PIZZERIA FOCULUS
Dalmatinova ulica 2,KRŠKO,"4,31",2284,"7,00",PIZZERIA FONTANA 
Vojkova 34,LJUBLJANA,"3,94",1402,"6,63",PIZZERIA GREGORINO
Pobreška cesta 18,MARIBOR,"3,24",1103,"5,93",PIZZERIA IN ŠPAGETERIA AL CAPONE
Šmartinska cesta 152,LJUBLJANA,"3,21",2270,"5,90",PIZZERIA IN ŠPAGETERIJA AL CAPONE
Podbevškova ulica 11,NOVO MESTO,"2,84",1305,"5,53",PIZZERIA IN ŠPAGETTERIA CUBUS
Tržaška 79a,LJUBLJANA,"3,60",1423,"6,29",PIZZERIA LATERNA
Dečkova cesta 41,CELJE,"2,94",2661,"5,63",PIZZERIA OLIVA
Dečkova cesta 41,CELJE,"3,94",2660,"6,63",PIZZERIA OLIVA - DOSTAVA
Nazorjeva ulica 8,LJUBLJANA,"3,34",2165,"6,03",PIZZERIA OSMICA
Trg republike 2,LJUBLJANA,"3,74",2375,"6,43",PIZZERIA PARMA
Koroška cesta 60,MARIBOR,"2,14",1266,"4,83",PIZZERIA PRONTO
Miklošičeva cesta 22,LJUBLJANA,"0,00",1335,"2,69",PIZZERIA ŠESTINKA
Kandijska cesta 60,NOVO MESTO,"3,34",1334,"6,03",PIZZERIA TOTALKA
Karlovška cesta 5,LJUBLJANA,"3,84",1336,"6,53",PIZZERIA TUNNEL
Tomažičeva ulica 10,IZOLA/ISOLA,"3,21",1011,"5,90",PIZZERIA VILA RAINERI
Pečarjeva 1,ZAGORJE OB SAVI,"3,44",1861,"6,13",PIZZERIJA AŠIČ
Pečarjeva ulica 1,ZAGORJE OB SAVI,"3,94",2011,"6,63",PIZZERIJA AŠIČ - DOSTAVA
Čevljarska 8,KOPER/CAPODISTRIA,"3,24",1031,"5,93",PIZZERIJA ATRIJ
Obrtniška cesta 1,TRBOVLJE,"3,31",1716,"6,00",PIZZERIJA DIMNIK
Obrtniška cesta 1,TRBOVLJE,"3,81",1717,"6,50",PIZZERIJA DIMNIK - DOSTAVA
Ulica Marije Hvaličeve 6,LJUBLJANA,"4,31",1711,"7,00",PIZZERIJA ETNA - ITALIJANSKA KUHINJA
Koroška cesta 59,KRANJ,"2,71",1994,"5,40",PIZZERIJA GORENC
Cesta v Mestni log 55,LJUBLJANA,"3,44",1413,"6,13",PIZZERIJA IN OKREPČEVALNICA KONDOR
Stara cesta 25b,KRANJ,"3,44",2784,"6,13",PIZZERIJA IN ŠPAGETERIJA BUF KRANJ
Vojkova 71,LJUBLJANA,"3,94",1466,"6,63",PIZZERIJA PIRAMIDA
Šalek 24 a,VELENJE,"3,84",1176,"6,53",PIZZERIJA VELUN
Dravska ulica 8,MARIBOR,"2,51",2636,"5,20",PIZZERIJA VERDI
Kardeljeva ploščad 17,LJUBLJANA,"3,44",2565,"6,13",PODMORNICA
Poljanski nasip 2,LJUBLJANA,"2,91",1474,"5,60",PRAVNA FAKULTETA
Vodovodna cesta 90,LJUBLJANA,"3,44",2983,"6,13",PREHRANA BAR VO-KA
Dunajska 160,LJUBLJANA,"3,44",2753,"6,13",PREHRANA PALAČA SMELT
Prešernova cesta 55,IZOLA/ISOLA,"4,31",2204,"7,00",PRIMAVERA IZOLA
Prešernova cesta 55 ,IZOLA/ISOLA,"4,31",2205,"7,00",PRIMAVERA IZOLA-DOSTAVA
Preradovičeva ulica 33,MARIBOR,"2,44",1265,"5,13",PROMETNA ŠOLA MARIBOR
Slovenska 9,MARIBOR,"4,21",2325,"6,90",Q SLOVENSKA
Gorkega ulica 45,MARIBOR,"4,21",2651,"6,90",Q TABOR
Cankarjeva cesta 6,LJUBLJANA,"3,51",2992,"6,20",RESDOBR
Osojnikova 12,PTUJ,"3,59",2955,"6,28",RESTAVRACIAJ AMFORA - DOSTAVA
Poštna ulica 8,MARIBOR,"3,11",1564,"5,80",RESTAVRACIJA  &quot;BAŠČARŠIJA&quot;
Osojnikova 12,PTUJ,"2,64",2869,"5,33",RESTAVRACIJA  AMFORA
Dunajska 5,LJUBLJANA,"3,00",1530,"5,69",RESTAVRACIJA 123 DELO
Litostrojska 54,LJUBLJANA,"3,00",2187,"5,69",RESTAVRACIJA 123 DSU
Večna pot 113,LJUBLJANA,"2,20",2529,"4,89",RESTAVRACIJA 123 FRI IN FKKT
Cesta Ljubljanske brigade 33,LJUBLJANA,"3,00",2367,"5,69",RESTAVRACIJA 123 MC LJUBJANA
Industrijska cesta 6,NOVA GORICA,"3,00",2366,"5,69",RESTAVRACIJA 123 MC NOVA GORICA
Verovškova ulica 55a,LJUBLJANA,"3,00",2528,"5,69",RESTAVRACIJA 123 MEGA CENTER 2
Dunajska cesta 107,LJUBLJANA,"3,00",2531,"5,69",RESTAVRACIJA 123 MERCATOR DUNAJSKA
Kardeljeva ploščad 16,LJUBLJANA,"2,36",1532,"5,05",RESTAVRACIJA 123 PEDAGOŠKA
Vojkovo nabrežje 32,KOPER/CAPODISTRIA,"3,00",1583,"5,69",RESTAVRACIJA 123 PRISTAN
Nazorjeva ulica 8,LJUBLJANA,"4,31",2164,"7,00",RESTAVRACIJA ALLEGRIA
Jurčičeva ulica 7,MARIBOR,"3,64",2501,"6,33",RESTAVRACIJA ANCORA
Dunajska cesta 22,LJUBLJANA,"3,84",2527,"6,53",RESTAVRACIJA BREJK
Šmartinska cesta 152g,LJUBLJANA,"1,31",1823,"4,00",RESTAVRACIJA BURGER KING
Trg Matije Gubca 3,KRŠKO,"3,71",2405,"6,40",RESTAVRACIJA CITY
Titov trg 3,VELENJE,"2,41",1626,"5,10",RESTAVRACIJA DK
Petkovškovo nabrežje 19,LJUBLJANA,"4,31",1827,"7,00",RESTAVRACIJA FANY &amp; MARY
Slovenska cesta 51,LJUBLJANA,"3,94",2097,"6,63",RESTAVRACIJA FRESCO
Mala ulica 5,LJUBLJANA,"4,31",2843,"7,00",RESTAVRACIJA GIG
Trg zmage 8,MURSKA SOBOTA,"2,61",2343,"5,30",RESTAVRACIJA IN PIVNICA ZVEZDA
Mariborska 100,CELJE,"2,93",1195,"5,62",RESTAVRACIJA INTERSPAR CELJE
Šmartinska 152g,LJUBLJANA,"2,93",1369,"5,62",RESTAVRACIJA INTERSPAR CITYPARK
Ankaranska cesta 3A,KOPER/CAPODISTRIA,"2,93",1023,"5,62",RESTAVRACIJA INTERSPAR KOPER
Cesta 1.maja 77,KRANJ,"2,93",1198,"5,62",RESTAVRACIJA INTERSPAR KRANJ
Pobreška 18,MARIBOR,"2,93",1194,"5,62",RESTAVRACIJA INTERSPAR MARIBOR EUROPARK
Cesta Proletarskih brigad 100,MARIBOR,"2,93",1197,"5,62",RESTAVRACIJA INTERSPAR MARIBOR QLANDIA
Nemčavci 1d,MURSKA SOBOTA,"2,93",1199,"5,62",RESTAVRACIJA INTERSPAR MURSKA SOBOTA
Cesta 25. junija 1a,NOVA GORICA,"2,93",1025,"5,62",RESTAVRACIJA INTERSPAR NOVA GORICA
Jamova 105,LJUBLJANA,"2,93",1370,"5,62",RESTAVRACIJA INTERSPAR VIČ
Gerbičeva ulica 61,LJUBLJANA,"3,84",1403,"6,53",RESTAVRACIJA KAVARNA PIZZERIA HOMBRE
Focheva ulica 41,MARIBOR,"2,64",2040,"5,33",RESTAVRACIJA KITAJSKA PALAČA
Dravska cesta 7 ,PTUJ,"2,94",1130,"5,63",RESTAVRACIJA KITAJSKI VRT
Prešernova cesta 10,LJUBLJANA,"3,91",1768,"6,60",RESTAVRACIJA KLUB CANKARJEVEGA DOMA
Cesta talcev 37a,VELENJE,"3,31",2475,"6,00",RESTAVRACIJA KOLODVORSKA 
Kidričeva cesta 75,ŠKOFJA LOKA,"2,94",2278,"5,63",RESTAVRACIJA KOMPLIMENT
Kotnikova 28,LJUBLJANA,"2,84",2833,"5,53",RESTAVRACIJA KOTNIKOVA
Turnerjeva ulica 17,MARIBOR,"3,60",2085,"6,29",RESTAVRACIJA MANGO
Mariborska cesta 100,CELJE,"2,01",2649,"4,70",RESTAVRACIJA MCDONALDS - CITYCENTER
Ormoška cesta 3,PTUJ,"2,01",2759,"4,70",RESTAVRACIJA MCDONALDS - PTUJ
Čopova 14,LJUBLJANA,"2,01",1377,"4,70",RESTAVRACIJA MCDONALD&#39;S ČOPOVA
Šmartinska 152,LJUBLJANA,"2,01",1380,"4,70",RESTAVRACIJA MCDONALD&#39;S KOLOSEJ
Ljubljanska 24,NOVO MESTO,"2,01",1381,"4,70",RESTAVRACIJA MCDONALD&#39;S NOVO MESTO
Premrlova ulica 12,LJUBLJANA,"2,01",1536,"4,70",RESTAVRACIJA MCDONALD&#39;S RUDNIK
Trg osvobodilne fronte 6,LJUBLJANA,"2,01",1379,"4,70",RESTAVRACIJA MCDONALD&#39;S -ŽELEZNIŠKA
Šmartinska 154,LJUBLJANA,"2,01",1378,"4,70",RESTAVRACIJA MCDONALD&#39;S ŽITO
Davčna ulica 1,LJUBLJANA,"3,31",2721,"6,00",RESTAVRACIJA MODRI KVADRAT
Stegne 7,LJUBLJANA,"3,31",1382,"6,00",RESTAVRACIJA MOZART
Gosposka ulica 30,MARIBOR,"3,44",2768,"6,13",RESTAVRACIJA MR. FALAFEL
Taborska ulica 12,MARIBOR,"3,04",2619,"5,73",RESTAVRACIJA ORIENT
Gregorčičeva ulica 19,MARIBOR,"2,00",2953,"4,69",RESTAVRACIJA PEKING
Koroška cesta 160,MARIBOR,"3,20",2229,"5,89",RESTAVRACIJA PIANO
Trg francoske revolucije 2,LJUBLJANA,"3,54",1360,"6,23",RESTAVRACIJA PLEČNIKOV HRAM
Dimičeva ulica 13,LJUBLJANA,"3,11",2180,"5,80","RESTAVRACIJA PRESTIGE CATERING, GZS"
Tržaška 116,LJUBLJANA,"3,24",1321,"5,93",RESTAVRACIJA RDEČE JABOLKO
Tržaška cesta 67,MARIBOR,"3,44",2959,"6,13",RESTAVRACIJA RUTAR MARIBOR
Kidričeva cesta 8c,ŠKOFJA LOKA,"2,24",2252,"4,93",RESTAVRACIJA SARAJEVSKIH JEDI VALTER - ŠKOFJA LOKA
Cesta Maršala Tita 106,JESENICE,"2,24",2884,"4,93",RESTAVRACIJA SARAJEVSKIH JEDI VALTER JESENICE
Cesta 1.maja 1a,KRANJ,"2,24",2326,"4,93",RESTAVRACIJA SARAJEVSKIH JEDI VALTER KRANJ
Šmartinska cesta 3,LJUBLJANA,"2,24",2131,"4,93",RESTAVRACIJA SARAJEVSKIH JEDI VALTER LJUBLJANA
Cankarjeva 66,RADOVLJICA,"2,24",2887,"4,93",RESTAVRACIJA SARAJEVSKIJ JEDI VALTER RADOVLJICA
Ajdovščina 4,LJUBLJANA,"3,84",1367,"6,53",RESTAVRACIJA SKRITI KOT
Vičava 1,PTUJ,"1,86",2870,"4,55",RESTAVRACIJA SLOREST VIČAVA
Šmartinska cesta 132,LJUBLJANA,"3,81",2918,"6,50",RESTAVRACIJA SNEŽINKA
Šmihelska cesta 1,NOVO MESTO,"1,81",1298,"4,50",RESTAVRACIJA SPLOŠNE BOLNIŠNICE NOVO MESTO
Aškerčeva 1,LJUBLJANA,"1,81",2596,"4,50",RESTAVRACIJA ŠOLSKI CENTER AŠKERČEVA
Mali trg 3a,LJUBLJANA,"3,64",2854,"6,33",RESTAVRACIJA TARTUF &quot;CENTER&quot;
Trg repubilke 3,LJUBLJANA,"3,81",2915,"6,50",RESTAVRACIJA TR3
Mariborska cesta 128,CELJE,"2,93",1100,"5,62",RESTAVRACIJA TUŠ CELJE (PLANET TUŠ)
Cesta Jake Platiše 18,KRANJ,"2,93",1102,"5,62",RESTAVRACIJA TUŠ KRANJ
Metelkova ulica 29,MARIBOR,"2,44",2698,"5,13",RESTAVRACIJA ZLATA SREČA
Pesje 30,KRŠKO,"3,64",2286,"6,33","RESTAVRACIJA,PICERIJA, ŠPAGETERIJA ADRENALINA"
Trg OF 14,LJUBLJANA,"2,84",2739,"5,53",ROZA SLON
Dunajska 115,LJUBLJANA,"2,84",2859,"5,53",ROZA SLON BEŽIGRAD
Jurčkova cesta 223,LJUBLJANA,"3,81",1597,"6,50",RUNNING SUSHI &amp; WOK
Dolenjska cesta 103,LJUBLJANA,"4,11",2595,"6,80",SALAMON - DOSTAVA
Stegne 11a,LJUBLJANA,"4,31",2552,"7,00",SAMOPOSTREŽNA RESTAVRACIJA DOBRA HIŠA
Mariborska cesta 7,CELJE,"2,81",2781,"5,50",SAMOPOSTREŽNA RESTAVRACIJA STOLPIČ
Trubarjeva 56,LJUBLJANA,"3,44",2921,"6,13",SKUHNA
Trg mladinskih delovnih brigad 12,LJUBLJANA,"0,00",2145,"2,69",SLAŠČIČARNA IN KAVARNA LEONARD
Goriška cesta 11,AJDOVŠČINA,"3,31",2633,"6,00",SLAŠČIČARNA IN PICERIJA AJDOVŠČINA
Goriška cesta 11,AJDOVŠČINA,"3,31",2254,"6,00",SLAŠČIČARNA IN PICERIJA AJDOVŠČINA - HALO ERIK-DOSTAVA
Tomšičeva 2,LJUBLJANA,"2,31",2919,"5,00",SPAR PARTNER NAMA
Polje 40,IZOLA/ISOLA,"2,31",2641,"5,00",SPLOŠNA BOLNIŠNICA IZOLA
Prekomorskih brigad 7,IZOLA/ISOLA,"1,94",2263,"4,63",SREDNJA ŠOLA IZOLA - SCUOLA MEDIA ISOLA
Cesta krških žrtev 59,KRŠKO,"3,31",2115,"6,00",STARA KRŠKA PIZZERIJA
Cesta krških žrtev 59,KRŠKO,"3,51",2116,"6,20",STARA KRŠKA PIZZERIJA - DOSTAVA
Dunajska cesta 115a,LJUBLJANA,"1,44",2389,"4,13",SUBWAY
Slovenska cesta 1,LJUBLJANA,"1,44",2714,"4,13",SUBWAY
Šmartinska cesta 152,LJUBLJANA,"1,44",2988,"4,13",SUBWAY BTC
Trubarjeva cesta 31,LJUBLJANA,"1,31",2092,"4,00",ŠEHEREZADA
Svetčeva ulica 9,LJUBLJANA,"3,00",2213,"5,69",ŠTUDENTSKI DOM LJUBLJANA - RESTAVRACIJA
Mesarski prehod 3,MARIBOR,"3,51",2337,"6,20",TAKOS 
Pobreška cesta 18,MARIBOR,"4,31",2336,"7,00",TAKOS DOS
Cafova ulica 4,MARIBOR,"0,00",2998,"2,69",TASTY SNACKS
Ulica Heroja Nandeta 31,MARIBOR,"3,51",2960,"6,20",TAVERNA SICILIA
Ulica Heroja Nandeta 31,MARIBOR,"3,51",2961,"6,20",TAVERNA SICILIA - DOSTAVA
Kersnikova 6,LJUBLJANA,"3,52",2880,"6,21",TO JE TO BALKAN ŽAR
Žitna ulica 12,MARIBOR,"3,44",2498,"6,13",TRATTORIA PADRINO
Tržaška cesta 65,MARIBOR,"2,94",2786,"5,63",TRATTORIA PORTOFINO
Na Poljanah 18,MARIBOR,"2,93",1101,"5,62",TUŠ RESTAVRACIJA MARIBOR STUDENCI (PLANET TUŠ)
Svetčeva ulica 14,LJUBLJANA,"2,92",1262,"5,61",UFO
Pobreška cesta 18,MARIBOR,"0,74",2662,"3,43",UN MOMENTO-PIZZA TIME
Šmartinska cesta 3,LJUBLJANA,"4,31",2882,"7,00","UTRIP - BAR, BISTRO IN KAVARNA"
Rimska cesta 13,LJUBLJANA,"0,00",2664,"2,69",V PARKU
Igriška 5,LJUBLJANA,"0,00",1477,"2,69",VEGETARIJANSKA OKREPČEVALNICA HOLYFOOD
Žibretova 23,LJUBLJANA,"3,44",1339,"6,13",VEGETARIJANSKA RESTAVRACIJA RADHA GOVINDA
Turnerjeva ulica 17,MARIBOR,"0,44",3002,"3,13",VILLAGE SNACKS
Tržaška cesta 18,LJUBLJANA,"2,94",2599,"5,63",VOLTA
Cesta Ljubljanske brigade 33,LJUBLJANA,"4,31",1576,"7,00",VOZI MIŠKO (MC ŠIŠKA)
Vetrinjska ulica 15,MARIBOR,"2,64",2327,"5,33",WOK MIX OKREPČEVALNICA
Bazoviška ulica 6,NOVA GORICA,"3,24",2933,"5,93",XIAO FENG
Rimska cesta 13,LJUBLJANA,"4,31",2952,"7,00",ZBORNICA BAR IN ŽAR
Ljubljanska cesta 89,DOMŽALE,"3,44",2275,"6,13",ZLATI KROŽNIK
Jadranska ulica 21,LJUBLJANA,"0,00",2993,"2,69",ZNANSTVENA KAVARNA MAFIJA
Trg Leona Štuklja 1,MARIBOR,"0,00",2956,"2,69",ŽITO LEON ŠTUKELJ MARIBOR
Trg OF 7,LJUBLJANA,"0,00",2535,"2,69",ŽITO LJUBLANA ŽELEZNIŠKA (KOLODVOR)
Slovenska cesta 58,LJUBLJANA,"0,00",2771,"2,69",ŽITO LJUBLJANA BAVARSKI DVOR
Vodnikov trg 5,LJUBLJANA,"0,00",1791,"2,69",ŽITO LJUBLJANA VODNIK
